order_id_software,item,price,quantity
128399797,Arepa Reina Pepiada,7.7,1
128399797,Patatas guarnición,1.5,1
128399797,Arepa Rumbera Remix,7.7,1
128399797,Arepa Pelúa,8.5,1
128399797,Arepa Sifrina,7.7,1
128359424,Arepa Sifrina,7.7,1
128359424,Arepa Rumbera Remix,7.7,1
128359424,Tequemix,9.9,1
128335005,Beety Miranda,12.7,2
128335005,Mixto de patatas y boniato,1.5,2
128335005,Extra Carne Madurada (dry-aged),3.5,2
128335005,Cocacola bote,1.9,2
128328474,Patatas Fritas bacon,7.7,1
128328474,Trío Criollo,12.2,1
128328474,MayoBacon (Servidas aparte),1.5,1
128328474,LA UNO,14.6,1
128328474,Salsa Tepuy (Servidas aparte),1.0,2
128328474,Extra Carne Madurada (dry-aged),3.5,1
128328474,Chicken Tenders,7.7,1
128328474,Cheesebacon,12.5,1
128288843,Tequeños,9.9,1
128288843,Combo Duo (Para 2),26.8,1
128288843,Gofre con sirope de Kinder Bueno,5.5,1
128288843,La Muergana,1.7,1
128288843,Perla Negra,1.7,1
128288843,Beety Miranda,12.7,1
128288843,Arepa Rumbera Remix,7.7,1
128284202,La Muergana,14.5,1
128258981,Chicken Tenders,7.7,1
128258981,Custom Burger,9.5,1
128258981,Salsa Beety (Servidas aparte),1.0,1
128258981,Queso Cheddar,1.0,1
128258981,Cebolla Caramelizada,1.0,1
128249263,Tequeños,9.9,1
128249263,MayoTrufa (Servidas aparte),1.5,1
128249263,Perla Negra,14.3,1
128249263,Provocativos,10.5,1
128206434,LA UNO,14.6,1
128174935,Arepa Sifrina,7.7,1
128174935,Patatas guarnición,1.5,1
128174935,Inglesa,12.3,1
128160297,Inglesa,12.3,1
128137986,Beety Miranda,12.7,1
128137986,Boniato frito,1.5,1
128137986,La Muergana,14.5,2
128137986,Salsa Equis (Servidas aparte),1.0,1
128054292,Arepa Sifrina,7.7,1
128054292,Arepa Reina Pepiada,7.7,1
127981137,El Zar,14.9,1
127981137,Boniato frito,1.5,1
127949017,Arepa Reina Pepiada,7.7,1
127949017,Patatas guarnición,1.5,1
127949017,Gofre con helado,5.5,1
127949017,Chicken Tenders,7.7,1
127918692,Perla Negra,14.3,1
127918692,Una más de ternera gallega,2.5,1
127918692,Queso Cabra,1.5,1
127918692,LA UNO,14.6,1
127918692,Cheesebacon,12.5,1
127918692,Chicken Tenders,7.7,1
127888876,Tequenutellla PL,3.9,1
127888876,La Muergana,14.5,1
127888876,Madurada PUNTO en lugar de carne normal,1.5,1
127888876,Cocacola bote,1.9,1
127865533,Caprichosa,12.9,1
127788270,Arepa Sifrina,7.7,1
127788270,Mixto de patatas y boniato guarnición,2.0,1
127788270,Cheesebacon,12.5,1
127788270,Salsa BBQ (Servidas aparte),1.0,1
127788270,Madurada HECHA en lugar de carne normal,1.5,1
127766128,El Zar,14.9,1
127766128,Caprichosa,12.9,1
127747784,La Muergana,14.5,1
127747784,Perla Negra,14.3,1
127722187,LA UNO,14.6,2
127722187,Boniato frito,1.5,1
127722187,Patatas Fritas bacon,7.7,1
127712440,LA UNO,14.6,1
127712440,Disco de provolone,2.5,1
127712440,Tequenutellla PL,3.9,1
127641278,La Muergana,14.5,1
127641278,Cheesebacon,12.5,1
127612021,Perla Negra,14.3,1
127612021,Tropichicken,12.9,1
127555408,LA UNO,14.6,1
127555408,Arepa Rumbera Remix,7.7,2
127555408,Salsa Equis (Servidas aparte),1.0,1
127467561,Beety Miranda,12.7,1
127467561,Caprichosa,12.9,1
127376880,Combo Duo (Para 2),26.8,1
127376880,El Zar,2.2,1
127376880,La Muergana,1.7,1
127334507,LA UNO,14.6,1
127334507,Salsa Equis (Servidas aparte),1.0,1
127334507,Boniato frito,1.5,1
127334507,La Muergana,14.5,1
127334507,Salsa Tepuy (Servidas aparte),1.0,1
127282345,Cheesebacon,12.5,1
127282345,Beety Miranda,12.7,1
127282345,Mixto de patatas y boniato,1.5,1
127248023,El Zar,14.9,1
127248023,Caprichosa,12.9,1
127248023,Perla Negra,14.3,1
127247265,Caprichosa,12.9,1
127247265,Salsa Tepuy (Servidas aparte),1.0,1
127247265,Huevo Frito,1.0,2
127247265,La Muergana,14.5,1
127247265,MayoBacon (Servidas aparte),1.5,1
127247265,Nestea bote,1.9,1
127247265,Cocacola bote,1.9,1
127247265,Gofre con helado,5.5,1
127245763,Tropichicken,12.9,1
127245763,Gofre con helado,5.5,1
127244094,LA UNO,14.6,1
127244094,Boniato frito,1.5,1
127244094,Huevo Frito,1.0,1
127244094,El Zar,14.9,1
127244094,Una más de ternera gallega,2.5,1
127244094,Cocacola bote,1.9,1
127240015,Patatas Fritas bacon,7.7,1
127240015,Beety Miranda,12.7,1
127240015,La Muergana,14.5,1
127226846,Tequeños,9.9,1
127226846,Cheesebacon,12.5,1
127226846,Salsa BBQ (Servidas aparte),1.0,1
127226846,Mixto de patatas y boniato,1.5,1
127226846,Una más de ternera gallega,2.5,1
127226846,Huevo Frito,1.0,1
127226846,Cocacola bote,1.9,1
127209406,Arepa Reina Pepiada,7.7,1
127209406,Beety Miranda,12.7,1
127209406,Salsa Tepuy (Servidas aparte),1.0,1
127209406,Lechuga,0.5,1
127104348,Como Ego (para 1),13.4,1
127104348,La Uno,2.0,1
127082413,Caprichosa,12.9,1
127082413,La Muergana,14.5,1
127082413,Una más de ternera gallega,2.5,1
127075253,La Muergana,14.5,1
127050431,Beety Miranda,12.7,1
127050431,LA UNO,14.6,1
126999750,LA UNO,14.6,1
126999750,Salsa Tepuy (Servidas aparte),1.0,2
126999750,Perla Negra,14.3,1
126999750,Disco de provolone,2.5,1
126834348,Arepa Sifrina,7.7,1
126790301,Tequemix,9.9,1
126790301,Arepa Rumbera Remix,7.7,2
126766262,Perla Negra,14.3,1
126766262,Provocativos,10.5,1
126766262,Arepa Sifrina,7.7,1
126737004,LA UNO,14.6,2
126737004,Ranch (Servidas aparte),1.0,1
126737004,Boniato frito,1.5,2
126737004,Extra Carne Madurada (dry-aged),3.5,1
126737004,Cebolla Caramelizada,1.0,1
126733118,Caprichosa,12.9,4
126733118,Boniato frito,1.5,4
126733118,Perla Negra,14.3,3
126733118,Cheesebacon,12.5,1
126733118,PACK 12 TEQUEÑOS,17.8,1
126654398,Chicken Tenders,7.7,1
126654398,Patatas Fritas bacon,7.7,1
126654398,Provocativos,10.5,1
126654398,El Zar,14.9,1
126599011,Arepa Sifrina,7.7,1
126599011,Boniato guarnición,2.5,1
126599011,Chicken Tenders,7.7,1
126599011,MayoTrufa (Servidas aparte),1.5,1
126599011,Salsa Tepuy (Servidas aparte),1.0,1
126599011,Tequemix,9.9,1
126571403,Custom Burger,9.5,1
126571403,Salsa Tepuy (dentro burger),1.0,1
126571403,Una más de ternera gallega,2.5,1
126571403,Queso Cheddar,1.0,1
126571403,Lechuga,0.5,1
126560865,Cheesebacon,12.5,2
126533737,Combo Duo (Para 2),26.8,1
126533737,La Uno,2.0,1
126493687,LA UNO,14.6,1
126493687,Queso en las patatas,1.5,1
126479314,Inglesa,12.3,1
126479314,Mixto de patatas y boniato,1.5,1
126479314,Guacamole,2.0,1
126479314,Beety Miranda,12.7,1
126479314,Boniato frito,1.5,1
126414531,Combo Duo (Para 2),26.8,1
126414531,La Muergana,1.7,1
126414531,La Muergana,1.7,1
126328845,Caprichosa,12.9,1
126328845,Cheesebacon,12.5,1
126328845,Boniato frito,1.5,1
126328845,La Muergana,14.5,2
126328845,Tequemix,9.9,1
126308253,Tequemix,9.9,1
126308253,El Zar,14.9,1
126308253,Custom Burger,9.5,1
126308253,Salsa Beety (dentro burger),1.0,1
126308253,Tomate,0.5,1
126308253,Cebolla Caramelizada,1.0,1
126308253,Queso Caribeño,1.5,1
126308253,Lechuga,0.5,1
126308253,Cocacola bote,1.9,1
126303243,Perla Negra,14.3,1
126303243,Queso Cabra,1.5,1
126303243,La Muergana,14.5,1
126303243,Custom Burger,9.5,1
126303243,Cebolla Caramelizada,1.0,1
126303243,Lechuga,0.5,1
126303243,Huevo Frito,1.0,1
126303243,Bacon,1.0,1
126303243,Una más de ternera gallega,2.5,1
126303243,Cheesebacon,12.5,1
126303243,LA UNO,14.6,1
126303243,Boniato frito,1.5,1
126303243,Chicken Tenders,7.7,1
126254931,Arepa Rumbera Remix,7.7,2
126254931,Salsa Tepuy (dentro arepa),1.0,1
126254931,Salsa BBQ (Servidas aparte),1.0,1
126254931,Patatas guarnición,1.5,2
126254931,Salsa Equis (Servidas aparte),1.0,1
126254931,Arepa Sifrina,7.7,2
126254931,Mixto de patatas y boniato guarnición,2.0,1
126195362,Combo Duo (Para 2),26.8,1
126195362,La Muergana,1.7,1
126195362,El Zar,2.2,1
126169061,Arepa Reina Pepiada,7.7,1
126169061,Patatas guarnición,1.5,1
126169061,El Zar,14.9,1
126169061,Tequenutellla PL,3.9,1
126120986,LA UNO,14.6,2
126120986,Boniato frito,1.5,1
126112344,Caprichosa,12.9,2
126112344,Ranch (Servidas aparte),1.0,1
126112344,Salsa BBQ (Servidas aparte),1.0,1
126112344,Tequeños,9.9,1
126112344,Cocacola bote,1.9,2
126046715,La Muergana,14.5,2
126046715,Arepa Reina Pepiada,7.7,1
126046715,Patatas guarnición,1.5,1
126046715,LA UNO,14.6,2
126046715,Chicken Tenders,7.7,1
126046715,Tequemix,9.9,1
125997654,Combo Duo (Para 2),26.8,1
125997654,Perla Negra,1.7,1
125997654,Perla Negra,1.7,1
125926172,Perla Negra,14.3,1
125926172,Una más de ternera gallega,2.5,1
125926172,La Muergana,14.5,1
125921993,La Muergana,14.5,1
125921993,Una más de ternera gallega,2.5,1
125921993,Queso en las patatas,1.5,1
125921993,LA UNO,14.6,1
125861057,PACK 12 TEQUEÑOS,17.8,1
125861057,Habanera,15.9,1
125861057,Nestea bote,1.9,1
125845458,Arepa Sifrina,7.7,1
125845458,Boniato guarnición,2.5,1
125845458,Cebolla Caramelizada,1.0,1
125845371,Caprichosa,12.9,1
125845371,Habanera,15.9,1
125845371,Boniato frito,1.5,1
125741300,La Muergana,14.5,1
125741300,Perla Negra,14.3,1
125741300,Tequemix,9.9,1
125725932,Cheesebacon,12.5,1
125725932,Caprichosa,12.9,1
125677045,La Muergana,14.5,1
125677045,Boniato frito,1.5,2
125677045,Emily By Joe Burger,13.9,1
125601699,Emily By Joe Burger,13.9,1
125601699,Una más de ternera gallega,2.5,1
125594093,LA UNO,14.6,1
125594093,Inglesa,12.3,1
125594093,Salsa Tepuy (Servidas aparte),1.0,1
125497416,Andale,13.6,1
125497416,LA UNO,14.6,1
125497416,Boniato frito,1.5,1
125497416,Nestea bote,1.9,1
125488991,Tropichicken,12.9,1
125488991,Mixto de patatas y boniato,1.5,1
125488991,LA UNO,14.6,1
125488991,Trío Criollo,12.2,1
125438328,PACK 12 TEQUEÑOS,17.8,1
125438328,Habanera,15.9,1
125434990,Tequemix,9.9,1
125434990,Cheesebacon,12.5,1
125417206,Cheesebacon,12.5,1
125417206,Salsa Beety (Servidas aparte),1.0,1
125417206,Mixto de patatas y boniato,1.5,1
125417206,Una más de ternera gallega,2.5,1
125417206,Tequeños,9.9,1
125407390,LA UNO,14.6,1
125407390,La Muergana,14.5,1
125407390,Combo Duo (Para 2),26.8,1
125407390,La Uno,2.0,1
125407390,La Uno,2.0,1
125267853,Tequeños,9.9,1
125267853,Beety Miranda,12.7,1
125267853,Salsa Tepuy (Servidas aparte),1.0,1
125267853,Perla Negra,14.3,1
125258038,Cheesebacon,12.5,1
125258038,Caprichosa,12.9,1
125232642,Emily By Joe Burger,13.9,1
125232642,Mixto de patatas y boniato,1.5,1
125232642,Arepa Sifrina,7.5,1
125231501,Tequeños,8.9,1
125231501,LA UNO,13.6,1
125231501,La Muergana,13.5,1
125231501,Cheesebacon,11.5,2
125231501,Una más de ternera gallega,2.5,1
125222323,Caprichosa,11.9,1
125222323,MayoTrufa (Servidas aparte),1.5,1
125222323,Mixto de patatas y boniato,1.5,1
125178927,Cheesebacon,11.5,2
125178927,Tequeños,8.9,1
125150776,Chicken Tenders,7.2,1
125150776,César con Pollo (Ensalada),13.9,1
125150776,Custom Burger,8.5,2
125150776,Queso Cheddar,1.0,2
125150776,Lechuga,0.5,1
125150776,Boniato frito,1.5,1
125150776,Bacon,1.0,1
124894087,Arepa Pelúa,7.5,1
124894087,Mixto de patatas y boniato guarnición,2.0,1
124894087,Queso Caribeño,1.5,1
124894087,Emily By Joe Burger,13.9,1
124894087,Salsa Equis (Servidas aparte),1.0,1
124894087,Mixto de patatas y boniato,1.5,1
124894087,Queso en las patatas,1.5,1
124894087,Andale,12.6,1
124894087,PACK 12 TEQUEÑOS,17.8,1
124822064,Arepa Reina Pepiada,7.5,1
124756029,Arepa Reina Pepiada,7.5,1
124756029,Arepa Sifrina,7.5,1
124756029,Cheesebacon,11.5,2
124756029,Cocacola bote,1.9,1
124756029,Tequeños,8.9,1
124752148,Como Ego (para 1),13.4,1
124742168,Tequeños,8.9,1
124742168,LA UNO,13.6,1
124742168,Boniato frito,1.5,1
124742168,Una más de ternera gallega,2.5,1
124742168,La Muergana,13.5,1
124742682,LA UNO,13.6,1
124742682,Alitas de pollo,7.2,1
124742682,Avocaitor,13.9,1
124742682,La Muergana,13.5,2
124742682,Salsa Tepuy (Servidas aparte),1.0,1
124742682,Beety Miranda,11.7,1
124742682,Boniato frito,1.5,1
124740467,Trío Criollo,11.2,1
124740467,Avocaitor,13.9,1
124740467,Salsa Tepuy (Servidas aparte),1.0,2
124740467,Salsa Equis (Servidas aparte),1.0,1
124740467,Salsa Beety (Servidas aparte),1.0,1
124740467,Boniato frito,1.5,2
124740467,LA UNO,13.6,1
124740467,Huevo Frito,1.0,1
124732899,Habanera,14.9,1
124732899,Salsa Tepuy (Servidas aparte),1.0,1
124732899,Cocacola bote,1.9,1
124707523,Arepa Sifrina,7.5,1
124707523,Boniato guarnición,2.5,1
124707523,Aquarius limon bote,2.2,1
124675084,El Zar,13.9,1
124675084,LA UNO,13.6,1
124675084,Mixto de patatas y boniato,1.5,1
124631845,El Zar,13.9,1
124631845,Avocaitor,13.9,1
124631845,Boniato frito,1.5,1
124631845,Tequemix,8.9,1
124613189,Arepa Rumbera Remix,7.5,1
124613189,Arepa Sifrina,7.5,1
124613189,Tequemix,8.9,1
124588751,Tequeños,8.9,1
124588751,Caprichosa,11.9,1
124588751,Bacon,1.0,1
124588751,La Muergana,13.5,1
124588751,Queso Azul,1.5,1
124574235,LA UNO,13.6,1
124574235,La Muergana,13.5,1
124574235,Madurada HECHA en lugar de carne normal,1.5,1
124574235,Una más de ternera gallega,2.5,1
124574235,El Zar,13.9,1
124574235,Extra Carne Madurada (dry-aged),3.5,1
124574235,Arepa Reina Pepiada,7.5,1
124574235,Patatas guarnición,1.5,1
124574235,Arepa Pelúa,7.5,1
124464269,Beety Miranda,11.7,1
124464269,Perla Negra,13.3,1
124464269,Tequeños,8.9,1
124446837,La Muergana,13.5,1
124446837,Boniato frito,1.5,1
124446837,LA UNO,13.6,1
124446837,Mixto de patatas y boniato,1.5,1
124388983,Perla Negra,13.3,1
124388983,Nestea bote,1.9,1
124388983,Tequenutellla PL,2.9,1
124380832,LA UNO,13.6,1
124380832,Salsa de queso (Servidas aparte),1.5,1
124380832,Boniato frito,1.5,1
124380832,Tequemix,8.9,1
124328595,LA UNO,13.6,1
124328595,Mixto de patatas y boniato,1.5,1
124328595,Cocacola bote,1.9,1
124322382,Caprichosa,11.9,1
124322382,Tequeños,8.9,1
124247067,LA UNO,13.6,2
124247067,Nachos Anaya,11.2,1
124236000,Nachos Anaya,11.2,1
124236000,Tequenutellla PL,2.9,3
124236000,Custom Burger,8.5,1
124236000,Queso Cheddar,1.0,1
124236000,Lechuga,0.5,1
124103466,Beety Miranda,11.7,1
124103466,Perla Negra,13.3,1
124103466,Tequeños,8.9,1
123868517,Arepa Sifrina,7.5,1
123868517,Tequeños,8.9,1
123846616,Tequeños,8.9,1
123846616,Arepa Sifrina,7.5,2
123844448,Nachos Anaya,11.2,1
123844448,Trío Criollo,11.2,1
123844448,Chicken Tenders,7.2,1
123602918,Cheesebacon,11.5,1
123602918,Boniato frito,1.5,2
123602918,Caprichosa,11.9,1
123602918,Avocaitor,13.9,1
123602918,Perla Negra,13.3,1
123602918,PACK 12 TEQUEÑOS,17.8,1
123579440,La Muergana,13.5,1
123579440,MayoBacon (Servidas aparte),1.5,1
123579440,Tequeños,8.9,1
123579440,Caprichosa,11.9,1
123579440,Salsa de queso (Servidas aparte),1.5,1
123579440,Bacon bits,1.5,1
123579440,Cocacola bote,1.9,2
123545908,La Muergana,13.5,2
123545908,Salsa Tepuy (Servidas aparte),1.0,1
123545908,Tomate,0.5,1
123545908,Lechuga,0.5,1
123526034,La Muergana,13.5,1
123526034,Boniato frito,1.5,1
123526034,Linda Spencer,14.0,1
123511416,La Muergana,13.5,1
123511416,Salsa Tepuy (Servidas aparte),1.0,2
123468883,Beety Miranda,11.7,1
123468883,Boniato frito,1.5,1
123468883,Avocaitor,13.9,1
123432484,LA UNO,13.6,1
123432484,Perla Negra,13.3,1
123432484,Chicken Tenders,7.2,1
123309528,Beety Miranda,11.7,1
123309528,Boniato frito,1.5,1
123241877,Caprichosa,11.9,1
123241877,La Muergana,13.5,1
123181547,Beety Miranda,11.7,1
123181547,Salsa Equis (Servidas aparte),1.0,1
123181547,Althaia IPA PL,3.5,1
123073090,Beety Miranda,11.7,1
123073090,Salsa Tepuy (Servidas aparte),1.0,1
123073090,Boniato frito,1.5,2
123073090,Tequeños,8.9,1
123073090,Patatas Fritas bacon,7.2,1
123073090,Perla Negra,13.3,1
123047367,LA UNO,13.6,2
123047367,Salsa Tepuy (Servidas aparte),1.0,1
123047367,Avocaitor,13.9,1
123047367,Mixto de patatas y boniato,1.5,1
122941824,Trío Criollo,11.2,1
122941824,El Zar,13.9,1
122941824,Salsa Beety (Servidas aparte),1.0,1
122941824,Mixto de patatas y boniato,1.5,1
122941824,Extra Carne Madurada (dry-aged),3.5,1
122857830,Nachos Anaya,11.2,1
122857830,Chicken Tenders,7.2,1
122857830,LA UNO,13.6,1
122857830,Salsa Equis (Servidas aparte),1.0,1
122857830,Tequenutellla PL,2.9,1
122842278,Arepa Sifrina,7.5,1
122842278,Cebolla Cruda,0.5,1
122842278,PulledPork,2.5,1
122842278,El Zar,13.9,1
122842278,Ranch (Servidas aparte),1.0,1
122842278,LA UNO,13.6,1
122842278,Salsa Tepuy (Servidas aparte),1.0,1
122835143,La Muergana,13.5,1
122789082,Cheesebacon,11.5,1
122772137,Custom Burger,8.5,1
122772137,Salsa MayoBacon (dentro burger),1.5,1
122772137,Salsa Equis (Servidas aparte),1.0,1
122772137,Bacon,1.0,2
122772137,Queso Cheddar,1.0,1
122772137,Lechuga,0.5,1
122772137,Cebolla crispy,1.0,1
122772137,Tequemix,8.9,1
122750768,Cheesebacon,11.5,1
122750768,Boniato frito,1.5,2
122750768,Huevo Frito,1.0,1
122750768,Chicken Tenders,7.2,1
122750768,Tropichicken,11.9,1
122752710,LA UNO,13.6,2
122574870,Arepa Sifrina,7.5,1
122574870,Perla Negra,13.3,1
122574870,Cheesebacon,11.5,1
122574870,Tequeños,8.9,1
122511830,Tropichicken,11.9,1
122511830,El Zar,13.9,1
122511830,Tequemix,8.9,1
122506250,Beety Miranda,11.7,1
122506250,Salsa Equis (Servidas aparte),1.0,1
122506250,Caprichosa,11.9,2
122506250,Tequemix,8.9,2
122506250,La Muergana,13.5,1
122506250,Huevo Frito,1.0,1
122502453,LA UNO,13.6,1
122502453,Boniato frito,1.5,1
122502453,Cheesebacon,11.5,1
122502453,MayoBacon (Servidas aparte),1.5,1
122480401,La Muergana,13.5,2
122480401,Tequeños,8.9,1
122458314,El Zar,13.7,1
122458314,Andale,12.5,1
122422609,El Zar,13.7,1
122422609,Inglesa,11.0,1
122422609,Queso Azul,1.5,1
122422609,Chicken Tenders,7.2,1
122422609,Salsa de queso (Servidas aparte),1.5,1
122422609,Salsa Tepuy (Servidas aparte),1.0,1
122422609,Caprichosa,11.5,1
122422609,Andale,12.5,1
122395444,Caprichosa,11.5,3
122395444,Mixto de patatas y boniato,1.5,3
122395444,MayoTrufa (Servidas aparte),1.5,2
122392844,Tequeños,8.9,1
122392844,Inglesa,11.0,1
122392844,Perla Negra,13.2,1
122354924,Inglesa,11.0,1
122354924,Cebolla Pochada,1.0,1
122354924,Una más de ternera gallega,2.5,1
122354924,Boniato frito,1.5,1
122346176,Patatas Fritas bacon,7.2,1
122346176,El Zar,13.7,1
122346176,Extra Carne Madurada (dry-aged),3.5,1
122281954,Beety Miranda,11.5,1
122281954,Andale,12.5,1
122281954,Tequenutellla PL,2.9,1
122130763,La Muergana,13.2,1
122130763,LA UNO,13.5,1
122130763,Una más de ternera gallega,2.5,1
122082548,Perla Negra,13.2,1
122014947,Cocacola zero bote,1.9,2
122014947,LA UNO,13.5,1
121909861,Cheesebacon,11.0,1
121909861,Cocacola zero bote,1.9,1
121881338,Beety Miranda,11.5,1
121881338,Caprichosa,11.5,1
121881338,Salsa Equis (Servidas aparte),1.0,1
121873348,Arepa Rumbera Remix,7.5,1
121873348,Disco de provolone,2.5,1
121873348,Cocacola zero bote,1.9,1
121873348,Arepa Pelúa,7.5,1
121810994,Cheesebacon,11.0,1
121796734,Arepa Sifrina,7.5,1
121796734,Patatas guarnición,1.5,1
121796734,Avocaitor,12.9,1
121796734,Arepa Rumbera Remix,7.5,1
121796734,Cocacola bote,1.9,1
121619568,Tequeños,8.9,1
121619568,Custom Burger,8.5,2
121619568,Bacon,1.0,1
121619568,Queso Cheddar,1.0,2
121619568,Huevo Frito,1.0,1
121619568,Salsa César (dentro burger),1.0,1
121619568,Tomate,0.5,1
121619568,Lechuga,0.5,1
121619568,Cocacola bote,1.9,2
121587545,Arepa Reina Pepiada,7.5,1
121587545,La Muergana,13.2,2
121460875,Ei-ou,16.0,1
121460875,Mixto de patatas y boniato,1.5,1
121460875,Patatas Rancheras,8.0,1
121460875,Tequeños,8.9,1
121414941,LA UNO,13.5,1
121414941,Mixto de patatas y boniato,1.5,1
121414941,Huevo Frito,1.0,1
135287880,Cheesebacon,12.5,2
135287880,MayoBacon (Servidas aparte),1.5,4
135251487,Tequeños,9.9,1
135251487,RABIOSA,14.2,1
135251487,El Zar,14.9,1
135251487,La Muergana,14.5,1
135251487,Una más de ternera gallega,2.5,1
135251487,Queso Cabra,1.5,1
135095287,Cheesebacon,12.5,1
135095287,MayoBacon (Servidas aparte),1.5,1
135087424,Combo Duo (Para 2),26.8,1
135087424,La Muergana,1.7,1
135087424,El Zar,2.2,1
135062246,Arepa Reina Pepiada,7.7,1
135062246,Tequemix,9.9,1
135055470,Caprichosa,12.9,1
135055470,Una más de ternera gallega,2.5,1
135055470,La Muergana,14.5,1
135055470,Inglesa,12.5,1
135055470,Patatas Fritas bacon,7.7,1
135052902,Arepa Reina Pepiada,7.7,2
135052902,Boniato guarnición,2.5,2
135052902,Arepa Sifrina,7.7,1
135052902,Patatas guarnición,1.5,1
135037129,La Catira,8.0,1
135037129,Arepa Sifrina,7.7,1
135024665,Como Ego (para 1),13.4,3
135024665,Perla Negra,1.7,1
135024665,El Zar,2.2,1
135024665,La Muergana,1.7,1
135024665,Provocativos,10.5,1
134997243,Como Ego (para 1),13.4,1
134997243,El Zar,2.2,1
134997243,Nachos Anaya,12.2,1
134979830,Cheesebacon,12.5,2
134979830,MayoBacon (Servidas aparte),1.5,4
134981529,LA UNO,14.6,1
134981529,Mixto de patatas y boniato,1.5,1
134981529,Extra Carne Madurada (dry-aged),3.5,1
134981529,Tequeños,9.9,1
134938652,RABIOSA,14.2,1
134938652,Salsa de queso (Servidas aparte),1.5,1
134938652,Nachos Anaya,12.2,1
134938652,Aquarius limon bote,2.2,1
134899423,Arepa Sifrina,7.7,1
134899423,Patatas Fritas bacon,7.7,1
134899423,Aquarius limon bote,2.2,1
134896144,Trío Criollo,12.2,1
134896144,Custom Burger,9.5,1
134896144,Salsa MayoTrufa (dentro burger),1.5,1
134896144,Mixto de patatas y boniato,1.5,1
134896144,Bacon,1.0,1
134896144,Queso Cheddar,1.0,1
134896144,Cebolla Caramelizada,1.0,1
134896144,Disco de provolone,2.5,2
134896144,Tropichicken,12.9,1
134896144,Salsa Tepuy (Servidas aparte),1.0,1
134888084,RABIOSA,14.2,1
134888084,Tequeños,9.9,1
134888084,LA UNO,14.6,1
134888084,Nachos Anaya,12.2,1
134877864,Tequemix,9.9,1
134877864,El Zar,14.9,1
134877864,Boniato frito,1.5,2
134877864,Queso Cabra,1.5,1
134877864,LA UNO,14.6,1
134877864,Queso Caribeño,1.5,1
134866213,RABIOSA,14.2,2
134857086,RABIOSA,14.2,1
134857086,Arepa Pelúa,8.5,1
134857086,Salsa Beety (dentro arepa),1.0,1
134857086,Patatas guarnición,1.5,1
134821909,Tequeños,9.9,1
134821909,Caprichosa,12.9,1
134821909,Tropichicken,12.9,1
134815875,Cheesebacon,12.5,1
134815875,Salsa Beety (Servidas aparte),1.0,1
134815875,Perla Negra,14.3,1
134815875,Salsa Equis (Servidas aparte),1.0,1
134815875,Custom Burger,9.5,1
134815875,Salsa BBQ (dentro burger),1.0,1
134815875,Salsa Tepuy (Servidas aparte),1.0,1
134815875,Una más de ternera gallega,2.5,1
134815875,Bacon,1.0,1
134815875,Huevo Frito,1.0,1
134815875,Tomate,0.5,1
134815875,Lechuga,0.5,1
134815875,Cebolla Caramelizada,1.0,1
134815875,La Dos,15.7,1
134811738,Cheesebacon,12.5,2
134811738,MayoBacon (Servidas aparte),1.5,4
134778252,Como Ego (para 1),13.4,1
134771280,RABIOSA,14.2,2
134771280,Boniato frito,1.5,1
134771280,Mixto de patatas y boniato,1.5,1
134771280,Provocativos,10.5,1
134777416,Cheesebacon,12.5,1
134777416,Salsa de queso (Servidas aparte),1.5,1
134777416,Mixto de patatas y boniato,1.5,1
134777416,Cocacola bote,1.9,1
134771367,Tequemix,9.9,1
134771367,Salsa Tepuy (Servidas aparte),1.0,1
134771367,LA UNO,14.6,1
134771367,El Zar,14.9,1
134755461,Arepa Sifrina,7.7,1
134755461,La Muergana,14.5,1
134755461,Madurada PUNTO en lugar de carne normal,1.5,1
134755461,Queso en las patatas,1.5,1
134747215,Tropichicken,12.9,1
134747215,El Zar,14.9,1
134747215,PACK 12 TEQUEÑOS,17.8,1
134747215,LA UNO,14.6,1
134739943,Combo Duo (Para 2),26.8,1
134718018,Custom Burger,9.5,1
134718018,Salsa MayoBacon (dentro burger),1.5,1
134718018,Madurada PUNTO en lugar de carne normal,1.5,1
134718018,Mixto de patatas y boniato,1.5,1
134718018,Extra Carne Madurada (dry-aged),3.5,1
134718018,Queso Cheddar,1.0,1
134718018,Huevo Frito,1.0,1
134718018,Tomate,0.5,1
134718018,Cebolla Caramelizada,1.0,1
134718018,Queso Cabra,1.5,1
134718018,Tequenutella PL,3.9,1
134709619,Perla Negra,14.3,1
134698752,Caprichosa,12.9,1
134698752,Salsa de queso (Servidas aparte),1.5,2
134698752,Boniato frito,1.5,2
134698752,Tropichicken,12.9,1
134698752,MayoTrufa (Servidas aparte),1.5,1
134698752,Cebolla Caramelizada,1.0,2
134698752,Cheesebacon,12.5,1
134698752,La Muergana,14.5,1
134698752,RABIOSA,14.2,1
134698752,Tequeños,9.9,1
134698752,Custom Burger,9.5,1
134698752,Salsa MayoTrufa (dentro burger),1.5,1
134698752,Queso Cheddar,1.0,1
134698752,Huevo Frito,1.0,1
134698752,Tomate,0.5,1
134698752,Lechuga,0.5,1
134698752,Bacon bits,1.5,1
134694884,Tequeños,9.9,1
134694884,RABIOSA,14.2,1
134694884,Boniato frito,1.5,1
134694884,Custom Burger,9.5,1
134694884,Mixto de patatas y boniato,1.5,1
134690944,Arepa Reina Pepiada,7.7,1
134690944,Queso Caribeño,1.5,1
134635907,Tequemix,9.9,1
134635907,Arepa Sifrina,7.7,1
134625705,Cheesebacon,12.5,1
134625705,MayoBacon (Servidas aparte),1.5,2
134625705,Bacon,1.0,1
134625705,LA UNO,14.6,1
134620138,Ei-ou,18.2,1
134620138,Queso en las patatas,1.5,1
134620138,Nachos Anaya,12.2,1
134620138,La Catira,8.0,1
134620138,Boniato guarnición,2.5,1
134604691,Como Ego (para 1),13.4,1
134604691,La Uno,2.0,1
134599624,LA UNO,14.6,1
134599624,MayoBacon (Servidas aparte),1.5,1
134569192,Arepa Pelúa,8.5,1
134569192,Arepa Rumbera Remix,7.7,1
134566066,Tequeños,9.9,1
134566066,LA UNO,14.6,1
134553333,La Muergana,14.5,1
134553333,Boniato frito,1.5,2
134553333,El Zar,14.9,1
134545830,LA UNO,14.6,1
134545830,Custom Burger,9.5,1
134545830,MayoTrufa (Servidas aparte),1.5,1
134545830,Tomate,0.5,1
134545830,Lechuga,0.5,1
134545830,Cebolla Cruda,0.5,1
134521212,Beety Miranda,12.7,4
134521212,El Zar,14.9,1
134521212,LA UNO,14.6,1
134521212,La Vegana,14.5,1
134521212,Queso Cheddar,1.0,1
134521212,Huevo Frito,1.0,1
134521212,Cheesebacon,12.5,1
134505834,La Muergana,14.5,1
134505834,Boniato frito,1.5,2
134505834,Caprichosa,12.9,1
134495882,RABIOSA,14.2,1
134495882,Boniato frito,1.5,1
134495882,LA UNO,14.6,1
134485450,Cheesebacon,12.5,1
134485450,MayoTrufa (Servidas aparte),1.5,1
134485450,Polar para llevar,3.0,1
134454867,Tequeños,9.9,1
134454867,Beety Miranda,12.7,1
134454867,Mixto de patatas y boniato,1.5,1
134427686,RABIOSA,14.2,1
134427686,Salsa Tepuy (Servidas aparte),1.0,1
134427686,Salsa Equis (Servidas aparte),1.0,1
134409234,LA UNO,14.6,1
134409234,El Zar,14.9,1
134409234,Boniato frito,1.5,2
134409234,Cheesebacon,12.5,1
134363992,Chicken Tenders,7.7,1
134363992,MayoTrufa (Servidas aparte),1.5,1
134363992,Salsa BBQ (Servidas aparte),1.0,1
134363992,Trío Criollo,12.2,1
134363992,La Dos,15.7,1
134348728,RABIOSA,14.2,1
134348728,Mixto de patatas y boniato,1.5,1
134348728,Tequeños,9.9,1
134348728,Cocacola bote,1.9,1
134306665,La Muergana,14.5,1
134306665,Perla Negra,14.3,1
134288345,RABIOSA,14.2,2
134288345,Salsa Tepuy (Servidas aparte),1.0,2
134288345,Salsa Beety (Servidas aparte),1.0,1
134288345,Tequeños,9.9,1
134288345,Cocacola bote,1.9,2
134262037,RABIOSA,14.2,1
134262037,Salsa Tepuy (Servidas aparte),1.0,1
134262037,Salsa Equis (Servidas aparte),1.0,1
134225242,Inglesa,12.5,1
134225242,El Zar,14.9,1
134222825,Arepa Sifrina,7.7,1
134222825,Patatas guarnición,1.5,1
134222825,Patatas Fritas bacon,7.7,1
134222825,Inglesa,12.5,1
134178634,RABIOSA,14.2,1
134178634,Salsa Tepuy (Servidas aparte),1.0,1
134178634,Salsa Equis (Servidas aparte),1.0,1
134155847,La Muergana,14.5,1
134155847,Madurada HECHA en lugar de carne normal,1.5,1
134155847,Mixto de patatas y boniato,1.5,1
134155847,Extra Carne Madurada (dry-aged),3.5,1
134155847,PulledPork,2.5,1
134155847,Cocacola bote,1.9,1
134143303,Trío Criollo,12.2,1
134143303,Patatas Fritas bacon,7.7,1
134129510,Tequeños,9.9,1
134129510,Cheesebacon,12.5,1
134129510,Perla Negra,14.3,1
134106312,LA UNO,14.6,1
134106312,RABIOSA,14.2,1
134106312,Salsa Tepuy (Servidas aparte),1.0,1
134081511,RABIOSA,14.2,1
134081511,Salsa de queso (Servidas aparte),1.5,1
134081511,Tequemix,9.9,1
134081511,MayoTrufa (Servidas aparte),1.5,1
134033921,La Muergana,14.5,1
134033921,Madurada PUNTO en lugar de carne normal,1.5,1
134033921,Boniato frito,1.5,2
134033921,Custom Burger,9.5,1
134033921,Mixto de patatas y boniato,1.5,1
134033921,Tropichicken,12.9,1
134029563,Combo Duo (Para 2),26.8,1
134029563,Perla Negra,1.7,1
134029563,El Zar,2.2,1
134003919,RABIOSA,14.2,1
134003919,Mixto de patatas y boniato,1.5,1
134003919,Trío Criollo,12.2,1
134001530,Caprichosa,12.9,1
133975935,RABIOSA,14.2,2
133975935,Salsa Tepuy (Servidas aparte),1.0,1
133975935,Ranch (Servidas aparte),1.0,1
133968136,Como Ego (para 1),13.4,1
133917445,LA UNO,14.6,1
133917445,Tropichicken,12.9,1
133917445,Tequemix,9.9,1
133917445,Salsa Tepuy (Servidas aparte),1.0,1
133901851,Chicken Tenders,7.7,1
133901851,El Zar,14.9,1
133901851,Extra de picante,1.5,1
133901851,Althaia IPA PL,3.5,1
133885986,Arepa Rumbera Remix,7.7,1
133885986,Salsa Beety (Servidas aparte),1.0,1
133885986,Patatas guarnición,1.5,1
133885986,Perla Negra,14.3,1
133883409,Caprichosa,12.9,1
133883409,Boniato frito,1.5,1
133883409,Perla Negra,14.3,1
133874882,Cheesebacon,12.5,1
133874882,Chicken Tenders,7.7,1
133869024,RABIOSA,14.2,1
133814661,Tequeños,9.9,1
133814661,MayoBacon (Servidas aparte),1.5,1
133814661,Ei-ou,18.2,1
133814661,Madurada PUNTO en lugar de carne normal,1.5,1
133814661,Mixto de patatas y boniato,1.5,1
133814661,Extra Carne Madurada (dry-aged),3.5,1
133798951,La Muergana,14.5,1
133798951,Salsa Equis (Servidas aparte),1.0,1
133798951,LA UNO,14.6,1
133798951,Mango Vice,14.5,1
133798951,Mixto de patatas y boniato,1.5,1
133798951,Una más de ternera gallega,2.5,1
133798951,Cebolla Caramelizada,1.0,1
133762613,El Zar,14.9,1
133762613,Tequeños,9.9,1
133757360,Tequeños,9.9,1
133757360,Arepa Sifrina,7.7,1
133691620,La Muergana,14.5,2
133691620,Ranch (Servidas aparte),1.0,1
133691620,Una más de ternera gallega,2.5,1
133642497,Perla Negra,14.3,1
133642497,Salsa Beety (Servidas aparte),1.0,1
133642497,Salsa Equis (Servidas aparte),1.0,1
133642497,Madurada PUNTO en lugar de carne normal,1.5,1
133642497,Cheesebacon,12.5,1
133642497,Mango Vice,14.5,1
133641519,Alitas Kentucky (10Und),15.9,1
133641519,Cheesebacon,12.5,1
133641519,Custom Burger,9.5,1
133641519,Salsa BBQ (dentro burger),1.0,1
133641519,Bacon,1.0,1
133641519,Huevo Frito,1.0,1
133641519,Cebolla Caramelizada,1.0,1
133641519,PulledPork,2.5,1
133627342,Tequeños,9.9,1
133627342,Provoleta,13.9,2
133627342,Salsa BBQ (Servidas aparte),1.0,1
133627342,Boniato frito,1.5,1
133627342,MayoTrufa (Servidas aparte),1.5,1
133627342,Mixto de patatas y boniato,1.5,1
133610152,Ei-ou,18.2,1
133610152,Madurada PUNTO en lugar de carne normal,1.5,1
133610152,Extra de picante,1.5,1
133609781,Como Ego (para 1),13.4,1
133609781,La Muergana,1.7,1
133588574,Caprichosa,12.9,1
133569375,LA UNO,14.6,2
133569375,Chicken Tenders,7.7,1
133569375,Cocacola bote,1.9,1
133502563,Inglesa,12.5,1
133502563,Caprichosa,12.9,2
133393736,Caprichosa,12.9,1
133393736,Boniato frito,1.5,1
133393736,Tomate,0.5,1
133390428,Chicken Tenders,7.7,1
133390428,Salsa BBQ (Servidas aparte),1.0,1
133390428,Provocativos,10.5,1
133390428,La Muergana,14.5,1
133390428,Custom Burger,9.5,1
133390428,Madurada PUNTO en lugar de carne normal,1.5,1
133390428,Bacon,1.0,1
133390428,Queso Parmesano,2.0,1
133390428,Cocacola bote,1.9,2
133364858,Tequeños,9.9,1
133364858,Cheesebacon,12.5,1
133364858,Inglesa,12.5,1
133364858,Boniato frito,1.5,1
133364858,Tequenutellla PL,3.9,6
133353072,La Muergana,14.5,1
133353072,MayoBacon (Servidas aparte),1.5,1
133353072,BEYOND MEAT en vez de carne,0.5,1
133321954,Combo Duo (Para 2),26.8,1
133321954,Dos Tequenutellas,2.9,1
133321954,La Muergana,1.7,1
133296436,Caprichosa,12.9,1
133296436,Mixto de patatas y boniato,1.5,1
133296436,La Muergana,14.5,1
133287289,Tropichicken,12.9,1
133287289,Tequemix,9.9,1
133287289,El Zar,14.9,1
133285695,Provoleta,13.9,1
133285695,Madurada HECHA en lugar de carne normal,1.5,1
133285695,Nachos Anaya,12.2,1
133285695,Alitas Kentucky (10Und),15.9,1
133275261,Caprichosa,12.9,1
133275261,Provoleta,13.9,1
133275261,Boniato frito,1.5,1
133260268,Provoleta,13.9,1
133260268,Madurada PUNTO en lugar de carne normal,1.5,1
133260268,Mixto de patatas y boniato,1.5,1
133260268,El Zar,14.9,1
133260268,Boniato frito,1.5,1
133230292,Como Ego (para 1),13.4,1
133230292,La Uno,2.0,1
133230292,Arepa Sifrina,7.7,1
133230292,Patatas guarnición,1.5,1
133225147,Beety Miranda,12.7,1
133225147,MayoTrufa (Servidas aparte),1.5,1
133216316,Beety Miranda,12.7,2
133216316,Mixto de patatas y boniato,1.5,1
133209520,Ei-ou,18.2,1
133209520,Salsa de queso (Servidas aparte),1.5,1
133209520,Madurada HECHA en lugar de carne normal,1.5,1
133209520,Mixto de patatas y boniato,1.5,1
133209520,Extra Carne Madurada (dry-aged),3.5,1
133152036,La Muergana,14.5,1
133152036,Cocacola bote,1.9,1
133051478,Arepa Pelúa,8.5,1
133051478,Arepa Rumbera Remix,7.7,1
133001578,Como Ego (para 1),13.4,1
133001578,Dos Tequenutellas,2.9,1
133001578,La Muergana,1.7,1
132980212,Ei-ou,18.2,1
132972433,Provoleta,14.9,1
132972433,Tequeños,9.9,1
132972433,Salsa de queso (Servidas aparte),1.5,1
132972433,MayoBacon (Servidas aparte),1.5,1
132903133,Como Ego (para 1),13.4,1
132903133,Dos Tequenutellas,2.9,1
132903133,La Uno,2.0,1
132903133,Tequeños,9.9,1
132899598,Custom Burger,9.5,1
132899598,Queso Cheddar,1.0,1
132899598,Bacon,1.0,1
132899598,Mango Vice,14.5,1
132899598,Arepa Pelúa,8.5,1
132899598,PACK 12 TEQUEÑOS,17.8,1
132820178,Custom Burger,9.5,1
132820178,Salsa Tepuy (Servidas aparte),1.0,1
132820178,Pan Celiaco,1.0,2
132820178,Queso Cheddar,1.0,1
132820178,Cebolla Caramelizada,1.0,1
132820178,Ei-ou,18.2,1
132820178,Boniato frito,1.5,2
132820178,El Zar,14.9,1
132820178,Tequeños,9.9,1
132820178,Salsa Equis (Servidas aparte),1.0,1
132813366,Nachos Anaya,12.2,1
132813366,Beety Miranda,12.7,2
132813366,Mixto de patatas y boniato,1.5,1
132813366,Inglesa,12.5,1
132813366,LA UNO,14.6,1
132757940,Combo Duo (Para 2),26.8,1
132740128,Tequeños,9.9,1
132695364,La Muergana,14.5,2
132695364,Inglesa,12.5,1
132698715,Cheesebacon,12.5,1
132698715,La Muergana,14.5,1
132682765,Tequemix,9.9,1
132682765,El Zar,14.9,1
132682765,Boniato frito,1.5,1
132682765,Cocacola bote,1.9,1
132623768,Caprichosa,12.9,1
132623768,Madurada PUNTO en lugar de carne normal,1.5,1
132623768,Mixto de patatas y boniato,1.5,1
132623768,Extra Carne Madurada (dry-aged),3.5,1
132623768,LA UNO,14.6,1
132623768,Boniato frito,1.5,1
132617253,LA UNO,14.6,2
132617253,Caprichosa,12.9,2
132617253,Mixto de patatas y boniato,1.5,1
132603428,Cheesebacon,12.5,1
132603428,Custom Burger,9.5,1
132603428,Bacon,1.0,1
132603428,Tomate,0.5,1
132603428,Lechuga,0.5,1
132603428,Guacamole,2.0,1
132565703,Tequemix,9.9,1
132565703,Salsa Tepuy (Servidas aparte),1.0,1
132565703,El Zar,14.9,1
132565703,LA UNO,14.6,1
132543590,Nachos Anaya,12.2,1
132543590,Caprichosa,12.9,1
132543590,Inglesa,12.5,1
132543590,La Catira,8.0,1
132543590,Tequeños,9.9,1
132523906,Alitas Kentucky (10Und),15.9,1
132523906,Nachos Anaya,12.2,1
132523906,Trío Criollo,12.2,2
132523906,Aquarius limon bote,2.2,2
132501881,Chicken Tenders,7.7,1
132501881,Tequemix,9.9,1
132501881,MayoTrufa (Servidas aparte),1.5,1
132501881,Provocativos,10.5,1
132501881,Salsa Tepuy (Servidas aparte),1.0,1
132501881,Arepa Sifrina,7.7,1
132501881,Boniato guarnición,2.5,1
132503630,El Zar,14.9,2
132503630,Mixto de patatas y boniato,1.5,2
132503630,Extra Carne Madurada (dry-aged),3.5,1
132503630,Tequeños,9.9,1
132501067,La Muergana,14.5,1
132501067,Mixto de patatas y boniato,1.5,1
132501067,LA UNO,14.6,2
132501067,Boniato frito,1.5,1
132501067,Nachos Anaya,12.2,1
132492129,LA UNO,14.6,1
132492129,Beety Miranda,12.7,2
132492129,Salsa Beety (Servidas aparte),1.0,1
132418549,Perla Negra,14.3,1
132418549,Tropichicken,12.9,1
132418549,El Zar,14.9,2
132418549,Caprichosa,12.9,1
132411532,Nachos Anaya,12.2,1
132411532,Tequeños,9.9,1
132411532,MayoTrufa (Servidas aparte),1.5,1
132411532,MayoBacon (Servidas aparte),1.5,1
132387801,Combo Duo (Para 2),26.8,1
132387801,La Uno,2.0,1
132387801,La Uno,2.0,1
132385637,Arepa Sifrina,7.7,1
132385637,Boniato guarnición,2.5,1
132385637,La Dos,15.7,1
132385637,Pan Celiaco,1.0,2
132385637,Boniato frito,1.5,2
132385637,La Muergana,14.5,1
132360605,Custom Burger,9.5,1
132360605,Salsa Maracucha (dentro burger),1.0,1
132360605,Boniato frito,1.5,1
132360605,Cebolla Caramelizada,1.0,1
132360605,Disco de provolone,2.5,1
132360605,Mango Vice,14.5,1
132360605,Una más de ternera gallega,2.5,1
132354714,Chicken Tenders,7.7,1
132354714,Perla Negra,14.3,1
132354714,Una más de ternera gallega,2.5,1
132354714,Arepa Rumbera Remix,7.7,1
132354714,Boniato guarnición,2.5,1
132350626,Cheesebacon,12.5,1
132350626,El Zar,14.9,1
132324788,Arepa Rumbera Remix,7.7,1
132324788,Salsa Tepuy (Servidas aparte),1.0,1
132324788,Mixto de patatas y boniato guarnición,2.0,1
132324788,LA UNO,14.6,1
132324788,Tequemix,9.9,1
132308492,Cheesebacon,12.5,2
132308492,Bacon,1.0,1
132308492,Huevo Frito,1.0,1
132308492,Arepa Pelúa,8.5,1
132271433,Arepa Reina Pepiada,7.7,1
132271433,Patatas guarnición,1.5,4
132271433,Arepa Rumbera Remix,7.7,2
132271433,Arepa Pelúa,8.5,1
132246300,El Zar,14.9,1
132218294,Como Ego (para 1),13.4,1
132218294,Perla Negra,1.7,1
132185575,Combo Duo (Para 2),26.8,1
132185575,Dos Tequenutellas,2.9,1
132185575,La Muergana,1.7,1
132171939,Perla Negra,14.3,1
132171939,Boniato frito,1.5,1
132171939,Caprichosa,12.9,1
132151524,Arepa Sifrina,7.7,1
132151524,Salsa Tepuy (Servidas aparte),1.0,1
132151524,Salsa Tepuy (dentro arepa),1.0,1
132151524,Boniato guarnición,2.5,1
132065916,Cheesebacon,12.5,4
132065916,Guacamole,2.0,1
132065916,Chicken Tenders,7.7,1
132064395,Como Ego (para 1),13.4,1
132064395,Perla Negra,1.7,1
132056438,Arepa Sifrina,7.7,1
132056438,MayoTrufa (Servidas aparte),1.5,1
132056438,Boniato guarnición,2.5,1
132056438,Cebolla Caramelizada,1.0,1
132042236,Cheesebacon,12.5,1
132042236,La Muergana,14.5,1
132006082,Tequeños,9.9,1
132006082,MayoTrufa (Servidas aparte),1.5,1
132006082,Perla Negra,14.3,1
132006082,Tequenutellla PL,3.9,1
131993242,Cheesebacon,12.5,1
131990426,Custom Burger,9.5,1
131990426,Queso Cheddar,1.0,1
131990426,Tomate,0.5,1
131990426,Lechuga,0.5,1
131990426,Cebolla Cruda,0.5,1
131990426,Nachos Anaya,12.2,1
131990426,La Dos,15.7,1
131970511,La Muergana,14.5,1
131970511,Boniato frito,1.5,1
131970511,Perla Negra,14.3,1
131965968,LA UNO,14.6,2
131965968,MayoBacon (Servidas aparte),1.5,1
131965968,Salsa Tepuy (Servidas aparte),1.0,2
131965968,Boniato frito,1.5,1
131965968,Tequenutellla PL,3.9,2
131948680,La Vegana,14.5,1
131938833,Criollita,14.5,1
131938833,Mixto de patatas y boniato,1.5,1
131938833,LA UNO,14.6,1
131938833,Beety Miranda,12.7,1
131938833,Boniato frito,1.5,1
131938833,Chicken Tenders,7.7,1
131903701,Como Ego (para 1),13.4,3
131903701,La Uno,2.0,2
131899502,La Muergana,14.5,1
131899502,Madurada PUNTO en lugar de carne normal,1.5,1
131899502,Mixto de patatas y boniato,1.5,1
131899502,Extra Carne Madurada (dry-aged),3.5,1
131899502,Huevo Frito,1.0,1
131899502,Tequeños,9.9,1
131888566,La Muergana,14.5,2
131888566,MayoBacon (Servidas aparte),1.5,1
131888566,Salsa de queso (Servidas aparte),1.5,1
131888566,Tequeños,9.9,1
131880141,El Zar,14.9,1
131880141,Queso en las patatas,1.5,1
131846734,Tequemix,9.9,1
131846734,LA UNO,14.6,1
131846734,Cheesebacon,12.5,1
131758246,Arepa Rumbera Remix,7.7,1
131758246,Patatas guarnición,1.5,1
131758246,Caprichosa,12.9,1
131758246,Una más de ternera gallega,2.5,1
131758246,Tequeños,9.9,1
131746485,Arepa Reina Pepiada,7.7,1
131746485,Patatas guarnición,1.5,1
131746485,Nachos Anaya,12.2,1
131746485,La Muergana,14.5,1
131746485,Salsa Tepuy (Servidas aparte),1.0,1
131745223,Como Ego (para 1),13.4,1
131745223,La Uno,2.0,1
131715359,Beety Miranda,12.7,1
131715718,La Dos,15.7,1
131715718,Ei-ou,18.2,2
131715718,Perla Negra,14.3,1
131715718,Boniato frito,1.5,1
131715718,LA UNO,14.6,1
131715968,La Dos,15.7,1
131715968,Una más de ternera gallega,2.5,1
131715968,Mixto de patatas y boniato,1.5,1
131715968,Tequemix,9.9,1
131715968,Ranch (Servidas aparte),1.0,1
131709612,Nachos Anaya,12.2,1
131709612,Como Ego (para 1),13.4,1
131705315,Tequemix,9.9,1
131705315,Arepa Reina Pepiada,7.7,1
131705315,Arepa Rumbera Remix,7.7,1
131699682,La Muergana,14.5,1
131699682,Alitas Kentucky  (5Und),9.5,1
131689246,Arepa Rumbera Remix,7.7,2
131689246,Mixto de patatas y boniato guarnición,2.0,2
131681698,Chicken Tenders,7.7,1
131681698,LA UNO,14.6,1
131681698,Cheesebacon,12.5,1
131677453,Chicken Tenders,7.7,1
131677453,Combo Duo (Para 2),26.8,1
131677453,Perla Negra,1.7,1
131677453,Perla Negra,1.7,1
131674191,Combo Duo (Para 2),26.8,1
131674191,Trío Criollo,12.2,1
131647173,La Dos,15.7,1
131606846,Arepa Pelúa,8.5,1
131606846,Ranch (Servidas aparte),1.0,1
131606846,Mixto de patatas y boniato guarnición,2.0,1
131589400,Arepa Rumbera Remix,7.7,1
131589400,MayoTrufa (Servidas aparte),1.5,1
131589400,Queso Cheddar,1.0,1
131589400,Ei-ou,18.2,1
131586850,Como Ego (para 1),13.4,1
131586850,Dos Tequenutellas,2.9,1
131586850,El Zar,2.2,1
131576983,Perla Negra,14.3,1
131576983,Caprichosa,12.9,1
131576983,Tequeños,9.9,1
131575113,Combo Duo (Para 2),26.8,1
131575113,Perla Negra,1.7,1
131559422,El Zar,14.9,1
131559422,Caprichosa,12.9,1
131530738,Perla Negra,14.3,1
131530738,Boniato frito,1.5,1
131530738,Caprichosa,12.9,1
131511954,Como Ego (para 1),13.4,1
131511954,La Uno,2.0,1
131498161,Arepa Rumbera Remix,7.7,1
131498161,Patatas guarnición,1.5,1
131498161,El Zar,14.9,1
131498161,Tequeños,9.9,1
131488572,Beety Miranda,12.7,1
131488572,Salsa Tepuy (Servidas aparte),1.0,1
131488572,Caprichosa,12.9,1
131488572,Mixto de patatas y boniato,1.5,1
131477795,La Muergana,14.5,1
131477795,Salsa Tepuy (Servidas aparte),1.0,1
131477795,Tropichicken,12.9,1
131477795,Salsa Equis (Servidas aparte),1.0,1
131469761,Perla Negra,14.3,1
131469761,Mixto de patatas y boniato,1.5,1
131424959,El Zar,14.9,1
131424959,Tequenutellla PL,3.9,1
131419569,Cheesebacon,12.5,1
131419569,Caprichosa,12.9,1
131417303,La Muergana,14.5,1
131398300,Arepa Reina Pepiada,7.7,1
131398300,Arepa Rumbera Remix,7.7,1
131398300,Patatas guarnición,1.5,1
131395004,Tequeños,9.9,1
131395004,Chicken Tenders,7.7,1
131376874,Custom Burger,9.5,1
131376874,Salsa BBQ (Servidas aparte),1.0,1
131376874,Bacon,1.0,2
131376874,Queso Cabra,1.5,1
131376874,PulledPork,2.5,1
131376874,El Zar,14.9,1
131376874,Salsa Tepuy (Servidas aparte),1.0,1
131376874,Extra Carne Madurada (dry-aged),3.5,1
131376874,Perla Negra,14.3,1
131376874,Boniato frito,1.5,1
131372223,Perla Negra,14.3,1
131372223,Salsa Tepuy (Servidas aparte),1.0,1
131372223,Una más de ternera gallega,2.5,1
131372223,Jalapeños,1.0,1
131349243,Tequeños,9.9,1
131349243,Nachos Anaya,12.2,1
131349243,Arepa Sifrina,7.7,1
131349243,Arepa Rumbera Remix,7.7,1
131349243,LA UNO,14.6,1
131349243,El Zar,14.9,1
131335767,Como Ego (para 1),13.4,1
131335767,La Uno,2.0,1
131313851,Tequemix,9.9,1
131313851,El Zar,14.9,1
131313851,Mixto de patatas y boniato,1.5,1
131313851,Extra Carne Madurada (dry-aged),3.5,1
131310181,La Muergana,14.5,1
131310181,Queso en las patatas,1.5,1
131246217,Criollita,14.5,1
131235845,El Zar,14.9,1
131235845,La Dos,15.7,1
131225398,LA UNO,14.6,2
131225398,La Dos,15.7,1
131181135,Custom Burger,9.5,1
131181135,Salsa Beety (Servidas aparte),1.0,1
131181135,Salsa Tepuy (Servidas aparte),1.0,1
131181135,Pan Celiaco,1.0,1
131181135,Huevo Frito,1.0,1
131181135,Guacamole,2.0,1
131124900,La Muergana,14.5,1
131124900,Mango Vice,14.5,1
131124900,La Dos,15.7,1
131124900,Tequemix,9.9,1
131114023,Tropichicken,12.9,1
131114023,Boniato frito,1.5,2
131114023,Cebolla Caramelizada,1.0,1
131114023,LA UNO,14.6,1
131112224,Combo Duo (Para 2),26.8,1
131112224,La Muergana,1.7,1
131112224,La Muergana,1.7,1
131089793,Como Ego (para 1),13.4,1
131089793,El Zar,2.2,1
131080152,Beety Miranda,12.7,1
131080152,Cheesebacon,12.5,2
131080152,Tropichicken,12.9,1
131080152,La Vegana,14.5,1
131070757,El Zar,14.9,1
131070757,LA UNO,14.6,1
131070757,Nachos Anaya,12.2,1
131028818,La Muergana,14.5,1
131028818,La Dos,15.7,2
131021570,Tropichicken,12.9,1
131021570,Custom Burger,9.5,1
131021570,Salsa Tepuy (Servidas aparte),1.0,1
131021570,Bacon,1.0,1
131021570,Queso Cheddar,1.0,1
131021570,Tequeños,9.9,1
131015573,La Dos,15.7,1
131015573,Boniato frito,1.5,1
131015573,Queso en las patatas,1.5,1
130996734,Cheesebacon,12.5,3
130996734,Chicken Tenders,7.7,1
130996734,MayoTrufa (Servidas aparte),1.5,1
130996082,Arepa Rumbera Remix,7.7,1
130996082,Patatas guarnición,1.5,1
130996082,Bacon,1.0,1
130996082,Tomate,0.5,1
130996082,Lechuga,0.5,1
130996082,Disco de provolone,2.5,1
130996082,Patatas Fritas bacon,7.7,1
130996082,Alitas Kentucky  (5Und),9.5,1
130991974,PACK 12 TEQUEÑOS,17.8,1
130991974,El Zar,14.9,1
130991974,Boniato frito,1.5,1
130991974,Huevo Frito,1.0,1
130991974,Inglesa,12.5,1
130991974,Alitas Kentucky  (5Und),9.5,1
130981321,Arepa Rumbera Remix,7.7,1
130981321,Boniato guarnición,2.5,1
130981321,Tropichicken,12.9,1
130938996,LA UNO,14.6,1
130938996,Mango Vice,14.5,1
130938996,Alitas Kentucky (10Und),15.9,1
130929561,Arepa Reina Pepiada,7.7,1
130929561,Patatas guarnición,1.5,1
130929561,Caprichosa,12.9,1
130929561,Tequeños,9.9,1
130889486,Beety Miranda,12.7,1
130889486,Cheesebacon,12.5,1
130889486,La Muergana,14.5,1
130889486,El Zar,14.9,1
130889486,Custom Burger,9.5,1
130889486,Queso Cheddar,1.0,1
130889486,Tomate,0.5,1
130889486,Lechuga,0.5,1
130889486,Guacamole,2.0,1
130889486,Cebolla crispy,1.0,1
130889486,PACK 12 TEQUEÑOS,17.8,1
130861782,Perla Negra,14.3,2
130861782,Salsa Beety (Servidas aparte),1.0,1
130861782,MayoBacon (Servidas aparte),1.5,1
130861782,Custom Burger,9.5,1
130861782,Salsa César (dentro burger),1.0,1
130861782,Queso Cheddar,1.0,1
130861782,Tomate,0.5,1
130861782,Lechuga,0.5,1
130861782,Cebolla Caramelizada,1.0,1
130861782,Nachos Anaya,12.2,1
130866988,Beety Miranda,12.7,1
130825361,La Muergana,14.5,1
130825361,Boniato frito,1.5,1
130825361,Aquarius limon bote,2.2,1
130813856,Caprichosa,12.9,1
130752930,La Muergana,14.5,1
130752930,El Zar,14.9,1
130738371,El Zar,14.9,1
130737257,Arepa Sifrina,7.7,1
130737257,Patatas guarnición,1.5,1
130737257,Tequenutellla PL,3.9,1
130680671,Arepa Rumbera Remix,7.7,1
130680671,Boniato guarnición,2.5,1
130680671,LA UNO,14.6,1
130680671,Una más de ternera gallega,2.5,1
130680671,Trío Criollo,12.2,1
130666601,Combo Duo (Para 2),26.8,1
130666601,Perla Negra,1.7,1
130666601,La Uno,2.0,1
130662454,La Muergana,14.5,1
130662454,El Zar,14.9,1
130662454,LA UNO,14.6,1
130662454,Patatas Fritas bacon,7.7,1
130659438,La Muergana,14.5,1
130648658,El Zar,14.9,1
130648658,Mixto de patatas y boniato,1.5,1
130648658,Extra Carne Madurada (dry-aged),3.5,1
130563487,Tequeños,9.9,1
130563487,LA UNO,14.6,1
130563487,Huevo Frito,1.0,1
130563487,Arepa Reina Pepiada,7.7,1
130563487,Patatas guarnición,1.5,1
130545500,Combo Duo (Para 2),26.8,1
130545500,Perla Negra,1.7,1
130532206,Arepa Reina Pepiada,7.7,1
130532206,Arepa Sifrina,7.7,1
130532206,Patatas Fritas bacon,7.7,1
130532206,MayoTrufa (Servidas aparte),1.5,1
130496253,LA UNO,14.6,1
130496253,Salsa Tepuy (Servidas aparte),1.0,1
130451645,Ei-ou,18.2,1
130451645,Boniato frito,1.5,1
130451645,Madurada PUNTO en lugar de carne normal,1.5,1
130448439,Cheesebacon,12.5,1
130448439,El Zar,14.9,1
130404978,Inglesa,12.5,1
130404978,Tropichicken,12.9,1
130404978,Nachos Anaya,12.2,1
130374218,Cheesebacon,12.5,1
130374218,Caprichosa,12.9,1
130374218,BEYOND MEAT en vez de carne,0.5,1
130374218,Nestea bote,1.9,1
130370486,Tequeños,9.9,1
130370486,Cheesebacon,12.5,1
130370486,Mixto de patatas y boniato,1.5,1
130370486,Una más de ternera gallega,2.5,1
130370486,Huevo Frito,1.0,1
130316597,La Muergana,14.5,1
130316597,Madurada PUNTO en lugar de carne normal,1.5,1
130316597,Mixto de patatas y boniato,1.5,1
130316597,Extra Carne Madurada (dry-aged),3.5,1
130315032,El Zar,14.9,1
130315032,LA UNO,14.6,1
130299759,Criollita,14.5,1
130299759,El Zar,14.9,1
130299759,Arepa Sifrina,7.7,1
130299759,Tequenutellla PL,3.9,1
130270425,Patatas Fritas bacon,7.7,1
130270425,LA UNO,14.6,1
130261814,Combo Duo (Para 2),26.8,1
130261814,La Uno,2.0,1
130261814,El Zar,2.2,1
130261814,Nachos Anaya,12.2,1
130248365,La Muergana,14.5,1
130248365,Beety Miranda,12.7,1
130193964,Yokocho Burger,14.5,2
130193964,Boniato frito,1.5,1
130193964,Patatas Fritas bacon,7.7,1
130193964,Tequenutellla PL,3.9,2
130154286,Beety Miranda,12.7,1
130154286,Tequenutellla PL,3.9,1
130130724,La Muergana,14.5,1
130130724,Madurada PUNTO en lugar de carne normal,1.5,1
130130724,Boniato frito,1.5,1
130130724,El Zar,14.9,1
130130724,Tequemix,9.9,1
130130724,Aquarius limon bote,2.2,1
130081958,Arepa Pelúa,8.5,1
130081958,Salsa Tepuy (Servidas aparte),1.0,1
130081958,Patatas guarnición,1.5,1
130081958,LA UNO,14.6,1
130072029,Como Ego (para 1),13.4,1
130072029,Tropichicken,0.4,1
130072029,Arepa Rumbera Remix,7.7,1
130072029,Salsa de queso (Servidas aparte),1.5,1
130072029,Disco de provolone,2.5,1
130072029,Boniato guarnición,2.5,1
130072029,Cocacola bote,1.9,1
130044551,La Dos,15.7,2
130042575,Caprichosa,12.9,1
130042575,BEYOND MEAT en vez de carne,0.5,1
130042575,Yokocho Burger,14.5,1
130031549,Beety Miranda,12.7,2
130031549,Boniato frito,1.5,1
130031549,LA UNO,14.6,1
130031549,Custom Burger,9.5,1
130031549,Salsa MayoBacon (dentro burger),1.5,1
130031549,Madurada PUNTO en lugar de carne normal,1.5,1
130031549,Bacon,1.0,1
130031549,Queso Cheddar,1.0,1
130031549,Huevo Frito,1.0,1
130031549,Lechuga,0.5,1
130031549,Cebolla Cruda,0.5,1
129995718,Arepa Rumbera Remix,7.7,1
129995718,Boniato guarnición,2.5,1
129994672,El Zar,14.9,1
129994672,Cheesebacon,12.5,1
129994672,Mixto de patatas y boniato,1.5,1
129994672,Nachos Anaya,12.2,1
129992192,Cheesebacon,12.5,2
129984564,Chicken Tenders,7.7,1
129984564,La Dos,15.7,1
129984564,Cheesebacon,12.5,1
129984564,LA UNO,14.6,1
129984564,Boniato frito,1.5,1
129983205,Yokocho Burger,14.5,1
129983205,La Muergana,14.5,1
129889472,Caprichosa,12.9,1
129889472,Disco de provolone,2.5,1
129889472,Cocacola bote,1.9,1
129845865,La Muergana,14.5,1
129845865,Custom Burger,9.5,1
129845865,Queso Cheddar,1.0,1
129845865,Lechuga,0.5,1
129845865,Jalapeños,1.0,1
129845865,Guacamole,2.0,1
129791975,La Muergana,14.5,1
129791975,Arepa Reina Pepiada,7.7,1
129791975,Patatas guarnición,1.5,1
129791975,Tequenutellla PL,3.9,1
129786457,Tequemix,9.9,1
129786457,El Zar,14.9,1
129731098,Trío Criollo,12.2,1
129731098,MayoTrufa (Servidas aparte),1.5,1
129731098,Caprichosa,12.9,1
129731098,Mixto de patatas y boniato,1.5,1
129731098,Bacon,1.0,1
129731098,Ei-ou,18.2,1
129731098,Salsa Tepuy (Servidas aparte),1.0,1
129731098,Boniato frito,1.5,1
129725640,Yokocho Burger,14.5,2
129725640,Una más de ternera gallega,2.5,1
129725640,Bacon bits,1.5,1
129725640,Cebolla Pochada,1.0,1
129725640,Mixto de patatas y boniato,1.5,1
129720587,La Muergana,14.5,1
129695316,La Muergana,14.5,1
129695316,Salsa de queso (Servidas aparte),1.5,1
129695316,MayoBacon (Servidas aparte),1.5,1
129695316,Tropichicken,12.9,1
129695316,Patatas Fritas bacon,7.7,1
129654161,Tequeños,9.9,1
129654161,Custom Burger,9.5,2
129654161,Una más de ternera gallega,2.5,1
129654161,Bacon,1.0,2
129654161,Cebolla crispy,1.0,1
129654161,Queso en las patatas,1.5,1
129654161,Queso Cheddar,1.0,1
129654161,Cheesebacon,12.5,1
129624343,Arepa Pelúa,8.5,2
129624343,Arepa Rumbera Remix,7.7,1
129604460,La Muergana,14.5,1
129604460,Perla Negra,14.3,1
129553889,Chicken Tenders,7.7,1
129553889,Patatas Fritas bacon,7.7,1
129553889,Caprichosa,12.9,1
129553889,Boniato frito,1.5,1
129550146,LA UNO,14.6,1
129550146,Huevo Frito,1.0,1
129515948,Beety Miranda,12.7,1
129515948,Salsa de queso (Servidas aparte),1.5,1
129515948,La Vegana,14.5,1
129472959,Beety Miranda,12.7,1
129472959,BEYOND MEAT en vez de carne,0.5,1
129472959,Perla Negra,14.3,1
129473081,Arepa Sifrina,7.7,1
129473081,Salsa Tepuy (Servidas aparte),1.0,1
129473081,Tomate,0.5,1
129473081,Mixto de patatas y boniato guarnición,2.0,1
129473081,Inglesa,12.5,1
129473081,Bacon,1.0,1
129473081,Huevo Frito,1.0,1
129473081,Tequeños,9.9,1
129473081,Tequenutellla PL,3.9,2
129430971,Arepa Rumbera Remix,7.7,3
129426150,Yokocho Burger,14.5,1
129426150,Arepa Sifrina,7.7,1
129426150,Patatas guarnición,1.5,1
129424781,Beety Miranda,12.7,1
129424781,MayoTrufa (Servidas aparte),1.5,1
129424781,Caprichosa,12.9,1
129418273,Perla Negra,14.3,2
129418273,Yokocho Burger,14.5,1
129346842,Yokocho Burger,14.5,1
129346842,Mixto de patatas y boniato,1.5,1
129346842,Trío Criollo,12.2,1
129346842,La Muergana,14.5,1
129346842,Nestea bote,1.9,1
129279006,El Zar,14.9,1
129279006,Mixto de patatas y boniato,1.5,1
129279006,LA UNO,14.6,1
129279006,Provocativos,10.5,1
129279006,Alitas Kentucky  (5Und),9.5,1
129278925,Caprichosa,12.9,1
129241994,Caprichosa,12.9,4
129241994,Salsa Tepuy (Servidas aparte),1.0,3
129241994,Mixto de patatas y boniato,1.5,4
129241994,Salsa Equis (Servidas aparte),1.0,1
129227155,La Dos,15.7,1
129227361,Perla Negra,14.3,3
129227361,MayoTrufa (Servidas aparte),1.5,2
129227361,Salsa Tepuy (Servidas aparte),1.0,2
129227361,Tomate,0.5,1
129227361,LA UNO,14.6,1
129227361,Caprichosa,12.9,1
129227361,Cheesebacon,12.5,1
129227361,PACK 12 TEQUEÑOS,17.8,1
129166509,Tequeños,9.9,1
129166509,Chicken Tenders,7.7,1
129166509,MayoTrufa (Servidas aparte),1.5,1
129166509,Salsa BBQ (Servidas aparte),1.0,2
129166509,Caprichosa,12.9,1
129166509,Disco de provolone,2.5,1
129148674,Caprichosa,12.9,1
129148674,El Zar,14.9,1
129122829,Como Ego (para 1),13.4,1
129122829,Dos Tequenutellas,2.9,1
129122829,La Muergana,1.7,1
129122829,Beety Miranda,12.7,1
129108890,Tequeños,9.9,1
129108890,La Muergana,14.5,1
129108890,Salsa Equis (Servidas aparte),1.0,2
129108890,LA UNO,14.6,1
129108890,MayoTrufa (Servidas aparte),1.5,1
129108890,Arepa Sifrina,7.7,1
129067019,Yokocho Burger,14.5,1
129067019,Alitas Kentucky  (5Und),9.5,1
128983540,Combo Duo (Para 2),26.8,1
128983540,Dos Tequenutellas,2.9,1
128983540,La Uno,2.0,1
128983540,Tequemix,9.9,1
128949645,LA UNO,14.6,1
128897334,Inglesa,12.3,1
128897334,LA UNO,14.6,1
128897334,MayoBacon (Servidas aparte),1.5,1
128880318,LA UNO,14.6,1
128880318,Cheesebacon,12.5,1
128880318,Tropichicken,12.9,1
128880318,Trío Criollo,12.2,1
128880318,Nachos Anaya,12.2,1
128878470,Custom Burger,9.5,1
128878470,Salsa MayoBacon (dentro burger),1.5,1
128878470,Madurada PUNTO en lugar de carne normal,1.5,1
128878470,Mixto de patatas y boniato,1.5,1
128878470,Extra Carne Madurada (dry-aged),3.5,1
128878470,Disco de provolone,2.5,1
128869778,LA UNO,14.6,1
128869778,Huevo Frito,1.0,1
128869778,Arepa Reina Pepiada,7.7,1
128869778,Mixto de patatas y boniato guarnición,2.0,1
128869778,Tequeños,9.9,1
128864830,Como Ego (para 1),13.4,1
128864830,Gofre con sirope de chocolate,5.5,1
128864830,El Zar,2.2,1
128757515,LA UNO,14.6,1
128757515,Boniato frito,1.5,1
128757515,Tequenutellla PL,3.9,1
128736119,Perla Negra,14.3,1
128736119,MayoTrufa (Servidas aparte),1.5,1
128736119,Caprichosa,12.9,2
128736119,Boniato frito,1.5,1
128736119,Cheesebacon,12.5,1
128736119,Ranch (Servidas aparte),1.0,1
128736119,Jalapeños,1.0,1
128722984,Combo Duo (Para 2),26.8,1
128722984,El Zar,2.2,1
128694256,Ei-ou,18.2,1
128694256,Una más de ternera gallega,2.5,1
128661684,Arepa Rumbera Remix,7.7,2
128661684,Mixto de patatas y boniato guarnición,2.0,1
128661684,Patatas guarnición,1.5,1
128661684,Trío Criollo,12.2,1
128632529,Arepa Reina Pepiada,7.7,1
128632529,Arepa Rumbera Remix,7.7,1
128632529,Boniato guarnición,2.5,1
128502448,Custom Burger,9.5,2
128502448,Salsa de queso (Servidas aparte),1.5,2
128502448,Queso en las patatas,1.5,1
128502448,Salsa Tepuy (dentro burger),1.0,1
128502448,Boniato frito,1.5,1
128502448,Queso Cheddar,1.0,1
128502448,Cebolla Caramelizada,1.0,1
128502448,Tequeños,9.9,1
128469565,Cheesebacon,12.5,2
128469565,Ranch (Servidas aparte),1.0,1
128469565,Huevo Frito,1.0,2
128469565,Salsa Tepuy (Servidas aparte),1.0,1
128462016,LA UNO,14.6,1
128462016,La Muergana,14.5,1
128462016,Tequemix,9.9,1
128440870,LA UNO,14.6,1
128440870,Mixto de patatas y boniato,1.5,2
128440870,Beety Miranda,12.7,1
128440870,Tequemix,9.9,1
138509659,RABIOSA,14.2,1
138509659,MIMOSA,14.3,1
138509659,Nachos Anaya,12.2,1
138509659,Caprichosa,12.9,1
138509659,El Zar,14.9,2
138502564,Beety Miranda,12.7,1
138502564,Tropichicken,12.9,1
138502564,Perla Negra,14.3,1
138409768,La Muergana,14.5,1
138409768,LA UNO,14.6,1
138402233,Arepa Reina Pepiada,7.7,1
138402233,La Catira,8.0,1
138402233,Mixto de patatas y boniato guarnición,2.0,1
138390234,Custom Burger,9.5,1
138390234,Salsa BBQ (dentro burger),1.0,1
138390234,Huevo Frito,1.0,1
138390234,Lechuga,0.5,1
138390234,Cebolla Cruda,0.5,1
138390234,Tomate,0.5,1
138319436,La Muergana,14.5,1
138319436,Salsa de la abuela (Servidas aparte),1.0,1
138316697,Inglesa,12.5,1
138316697,Perla Negra,14.3,1
138311393,La Muergana,14.5,1
138311393,RABIOSA,14.2,1
138311393,Nachos Anaya,12.2,1
138292558,RABIOSA,14.2,1
138292558,Salsa Tepuy (Servidas aparte),1.0,2
138292558,Mixto de patatas y boniato,1.5,2
138292558,MIMOSA,14.3,1
138292558,Chicken Tenders,7.7,1
138292558,MayoBacon (Servidas aparte),1.5,1
138292558,Nestea bote,1.9,1
138292558,Cocacola zero bote,1.9,1
138283638,Combo Duo (Para 2),26.8,1
138283638,La Uno,2.0,1
138253067,La Muergana,14.5,1
138253067,Perla Negra,14.3,1
138225171,Arepa Rumbera Remix,7.7,2
138225171,Mixto de patatas y boniato guarnición,2.0,2
138193344,Nachos Anaya,12.2,1
138193344,PACK 12 TEQUEÑOS,17.8,1
138193373,MIMOSA,14.3,1
138193373,Mixto de patatas y boniato,1.5,1
138193373,Alitas Kentucky (10Und),15.9,1
138092974,MIMOSA,14.3,1
138092974,Trío Criollo,12.2,1
138041729,RABIOSA,14.2,2
138041729,Salsa Tepuy (Servidas aparte),1.0,1
138041729,Salsa Equis (Servidas aparte),1.0,1
138036409,La Vegana,14.5,1
138036409,Mixto de patatas y boniato,1.5,1
138033638,MIMOSA,14.3,1
138033638,MayoBacon (Servidas aparte),1.5,1
138010804,Beety Miranda,12.7,2
138010804,MayoBacon (Servidas aparte),1.5,1
138010804,Ranch (Servidas aparte),1.0,1
138007598,Cheesebacon,12.5,2
137994655,La Muergana,14.5,2
137994655,Perla Negra,14.3,1
137964896,RABIOSA,14.2,1
137965761,El Zar,14.9,1
137965761,Tropichicken,12.9,1
137965761,Tequemix,9.9,1
137959618,El Zar,14.9,1
137959618,LA UNO,14.6,1
137948279,Perla Negra,14.3,1
137948279,LA UNO,14.6,1
137948279,Nestea bote,1.9,1
137948824,Inglesa,12.5,1
137948824,Perla Negra,14.3,1
137948824,Caprichosa,12.9,1
137948824,Tropichicken,12.9,1
137942216,Tropichicken,12.9,1
137942216,LA UNO,14.6,1
137936032,Arepa Sifrina,7.7,1
137936032,MayoTrufa (Servidas aparte),1.5,1
137936032,Mixto de patatas y boniato guarnición,2.0,1
137925134,La Muergana,14.5,1
137925134,Boniato frito,1.5,1
137925134,Perla Negra,14.3,1
137910498,RABIOSA,14.2,1
137910498,Tequenutella PL,3.9,1
137895680,LA UNO,14.6,1
137895680,Mixto de patatas y boniato,1.5,1
137895680,Una más de ternera gallega,2.5,1
137895680,Alitas Kentucky  (5Und),9.5,1
137883261,Perla Negra,14.3,1
137883261,Boniato frito,1.5,2
137883261,El Zar,14.9,1
137883261,Salsa Equis (Servidas aparte),1.0,1
137846543,RABIOSA,14.2,1
137846543,MayoTrufa (Servidas aparte),1.5,1
137846543,La Muergana,14.5,1
137846543,Pepinillos,1.0,1
137803389,MIMOSA,14.3,1
137803389,Mixto de patatas y boniato,1.5,1
137803389,Patatas Fritas bacon,7.7,1
137803389,LA UNO,14.6,1
137801553,Cheesebacon,12.5,1
137621464,Patatas Fritas bacon,7.7,1
137621464,Beety Miranda,12.7,1
137621464,Cheesebacon,12.5,1
137621464,Una más de ternera gallega,2.5,1
137621464,Inglesa,12.5,1
137602868,Custom Burger,9.5,1
137602868,Una más de ternera gallega,2.5,1
137602868,Queso Cheddar,1.0,2
137602868,Bacon,1.0,2
137587409,LA UNO,14.6,1
137587409,Queso en las patatas,1.5,1
137571629,Patatas Fritas bacon,7.7,1
137571629,Caprichosa,12.9,1
137551307,Perla Negra,14.3,1
137551307,Salsa Beety (Servidas aparte),1.0,1
137551307,Cheesebacon,12.5,1
137508230,Tequeños,9.9,1
137508230,Beety Miranda,12.7,1
137508230,Boniato frito,1.5,1
137457751,Tropichicken,12.9,1
137457751,Bacon,1.0,2
137457751,Inglesa,12.5,1
137457751,Una más de ternera gallega,2.5,1
137430634,Tequeños,9.9,1
137430634,Arepa Sifrina,7.7,1
137430634,Patatas guarnición,1.5,1
137430634,Perla Negra,14.3,1
137432611,La Catira,8.0,1
137432611,Inglesa,12.5,2
137432611,Queso Cheddar,1.0,1
137432611,Tomate,0.5,1
137432611,Lechuga,0.5,1
137432611,LA UNO,14.6,1
137432611,Pico de gallo,1.0,1
137351414,Como Ego (para 1),13.4,1
137351414,La Uno,2.0,1
137344918,La Muergana,14.5,1
137344918,LA UNO,14.6,1
137336556,Arepa Rumbera Remix,7.7,2
137281410,Tequemix,9.9,1
137281410,Cocacola zero bote,1.9,1
137281410,Alitas Kentucky  (5Und),9.5,1
137233002,Combo Duo (Para 2),26.8,1
137233002,Tropi Chicken,0.4,1
137233002,Alitas Kentucky (10Und),15.9,1
137210756,Inglesa,12.5,1
137210756,Una más de ternera gallega,2.5,1
137210756,Queso en las patatas,1.5,1
137210756,Tequeños,9.9,1
137195974,Arepa Rumbera Remix,7.7,1
137195974,Mixto de patatas y boniato guarnición,2.0,2
137195974,Arepa Pelúa,8.5,1
137170977,Caprichosa,12.9,2
137110319,La Catira,8.0,2
137110319,Patatas guarnición,1.5,2
137110319,Perla Negra,14.3,1
137103955,Beety Miranda,12.7,1
137103955,Huevo Frito,1.0,1
137103955,Perla Negra,14.3,1
137103955,Salsa Tepuy (Servidas aparte),1.0,1
137072257,La Muergana,14.5,2
137072257,Beety Miranda,12.7,1
137072257,Mixto de patatas y boniato,1.5,2
137072257,LA UNO,14.6,1
137072257,Tomate,0.5,3
137072257,Lechuga,0.5,3
137072257,Custom Burger,9.5,2
137072257,Salsa BBQ (dentro burger),1.0,1
137072257,Boniato frito,1.5,1
137072257,Una más de ternera gallega,2.5,1
137072257,Bacon,1.0,1
137072257,Cebolla Cruda,0.5,1
137046943,Tequeños,9.9,1
137046943,El Zar,14.9,1
137046943,Salsa Tepuy (Servidas aparte),1.0,1
137046943,Boniato frito,1.5,1
137026252,El Zar,14.9,1
137026252,Lechuga,0.5,1
137026252,La Muergana,14.5,1
137026252,Huevo Frito,1.0,1
136925115,Trío Criollo,12.2,1
136925115,Combo Duo (Para 2),26.8,1
136925115,La Muergana,1.7,1
136920156,Arepa Reina Pepiada,7.7,1
136920156,Boniato guarnición,2.5,1
136920156,Arepa Sifrina,7.7,1
136920156,Tomate,0.5,1
136920156,Lechuga,0.5,1
136909515,Patatas Fritas bacon,7.7,1
136909515,Tequemix,9.9,1
136902245,Tequeños,9.9,1
136902245,Caprichosa,12.9,1
136902245,Arepa Reina Pepiada,7.7,1
136902245,Patatas Fritas bacon,7.7,1
136886779,Inglesa,12.5,2
136886779,MayoTrufa (Servidas aparte),1.5,1
136886779,Tequeños,9.9,1
136886046,LA UNO,14.6,1
136886046,Chicken Tenders,7.7,1
136886046,Salsa Tepuy (Servidas aparte),1.0,1
136886046,Gofre con helado,5.5,1
136833728,Tequemix,9.9,1
136833728,Salsa Tepuy (Servidas aparte),1.0,1
136833728,LA UNO,14.6,1
136833728,La Dos,15.7,1
136809190,Combo Duo (Para 2),26.8,1
136809190,La Muergana,1.7,1
136808367,RABIOSA,14.2,1
136808367,Mixto de patatas y boniato,1.5,1
136808367,Tequeños,9.9,1
136753074,RABIOSA,14.2,1
136753074,Cocacola bote,1.9,1
136642697,Tequemix,9.9,1
136642697,Arepa Reina Pepiada,7.7,1
136642697,Cocacola zero bote,1.9,1
136617562,Patatas Fritas bacon,7.7,1
136617562,MayoTrufa (Servidas aparte),1.5,1
136617562,Custom Burger,9.5,1
136617562,Salsa Tepuy (dentro burger),1.0,1
136617562,Una más de ternera gallega,2.5,2
136617562,Bacon,1.0,1
136617562,Huevo Frito,1.0,1
136617562,Queso Parmesano,2.0,1
136617562,Beety Miranda,12.7,1
136617562,Boniato frito,1.5,1
136617562,Cocacola bote,1.9,1
136614894,Arepa Sifrina,7.7,2
136614894,Patatas guarnición,1.5,2
136614894,Patatas Fritas bacon,7.7,1
136614894,Ei-ou,18.2,1
136614894,Cheesebacon,12.5,1
136614894,Mixto de patatas y boniato,1.5,1
136614894,Como Ego (para 1),13.4,1
136614894,Gofre con sirope de Kinder Bueno,5.5,1
136614894,Perla Negra,1.7,1
136614894,La Catira,8.0,1
136591862,RABIOSA,14.2,1
136591862,Salsa Tepuy (Servidas aparte),1.0,1
136517514,Custom Burger,9.5,1
136517514,Bacon,1.0,1
136517514,Queso Cheddar,1.0,1
136517514,Habanera,16.5,1
136510560,Perla Negra,14.3,1
136510560,Lechuga,0.5,1
136510560,La Dos,15.7,1
136479263,Trío Criollo,12.2,1
136479263,Salsa Equis (Servidas aparte),1.0,2
136479263,Arepa Rumbera Remix,7.7,1
136479263,Arepa Pelúa,8.5,1
136479263,Patatas guarnición,1.5,1
136479263,Queso en las patatas,1.5,1
136479263,PulledPork,2.5,1
136468955,El Zar,14.9,1
136468955,La Muergana,14.5,1
136468955,Una más de ternera gallega,2.5,1
136431680,Tequeños,9.9,1
136431680,Caprichosa,12.9,1
136431680,Queso en las patatas,1.5,1
136431644,Cocacola zero bote,1.9,3
136431644,LA UNO,14.6,1
136429958,RABIOSA,14.2,1
136429958,Mixto de patatas y boniato,1.5,1
136414665,RABIOSA,14.2,1
136414665,Arepa Rumbera Remix,7.7,1
136414665,La Catira,8.0,1
136400201,RABIOSA,14.2,1
136400201,Tequeños,9.9,1
136400201,Inglesa,12.5,1
136400201,Boniato frito,1.5,1
136371319,PACK 12 TEQUEÑOS,17.8,1
136330626,El Zar,14.9,1
136330626,Ranch (Servidas aparte),1.0,1
136330626,Salsa Tepuy (Servidas aparte),1.0,1
136330626,Salsa Equis (Servidas aparte),1.0,1
136330626,Boniato frito,1.5,1
136330626,La Dos,15.7,1
136330626,Mixto de patatas y boniato,1.5,1
136266300,Arepa Pelúa,8.5,1
136266300,Mixto de patatas y boniato guarnición,2.0,2
136266300,Arepa Rumbera Remix,7.7,1
136265826,Arepa Rumbera Remix,7.7,1
136259244,Cheesebacon,12.5,1
136259244,Beety Miranda,12.7,1
136259244,Tequeños,9.9,1
136259244,Patatas Fritas bacon,7.7,1
136259244,Salsa de queso (Servidas aparte),1.5,1
136219461,RABIOSA,14.2,1
136213061,Inglesa,12.5,1
136213061,Beety Miranda,12.7,1
136213061,La Vegana,14.5,1
136213061,LA UNO,14.6,1
136193903,Inglesa,12.5,1
136193903,Una más de ternera gallega,2.5,1
136193903,La Muergana,14.5,1
136193903,Queso en las patatas,1.5,1
136193903,Huevo Frito,1.0,1
136189198,RABIOSA,14.2,3
136189198,MayoBacon (Servidas aparte),1.5,1
136189198,Salsa de queso (Servidas aparte),1.5,1
136189198,Salsa Tepuy (Servidas aparte),1.0,1
136187271,Beety Miranda,12.7,1
136166624,Combo Duo (Para 2),26.8,1
136166624,La Uno,2.0,1
136166624,Perla Negra,1.7,1
136155021,RABIOSA,14.2,1
136155021,MayoBacon (Servidas aparte),1.5,1
136155021,Mixto de patatas y boniato,1.5,1
136155021,La Muergana,14.5,1
136155021,Queso Cheddar,1.0,1
136155021,Trío Criollo,12.2,1
136140224,Tequeños,9.9,1
136140224,Inglesa,12.5,1
136140224,Mixto de patatas y boniato,1.5,1
136140224,Custom Burger,9.5,1
136140224,Salsa Tepuy (Servidas aparte),1.0,1
136140224,Queso Cheddar,1.0,1
136140224,Queso Azul,1.5,1
136105682,RABIOSA,14.2,1
136105682,Mixto de patatas y boniato,1.5,1
136105682,Tequeños,9.9,1
136100578,Custom Burger,9.5,1
136100578,Madurada PUNTO en lugar de carne normal,1.5,1
136100578,Queso Cheddar,1.0,1
136100578,Lechuga,0.5,1
136100578,Cebolla Cruda,0.5,1
136100578,Cebolla crispy,1.0,1
136100578,Alitas Kentucky  (5Und),9.5,1
136100578,Tequemix,9.9,1
136089729,Caprichosa,12.9,1
136089729,Salsa Tepuy (Servidas aparte),1.0,1
136089729,Cheesebacon,12.5,1
136089729,Extra de picante,1.5,1
136061773,Cheesebacon,12.5,1
136061773,Nestea bote,1.9,1
136061773,Tequenutella PL,3.9,1
136058389,Custom Burger,9.5,1
136058389,Salsa X (dentro burger),1.0,1
136058389,Una más de ternera gallega,2.5,1
136058389,Bacon,1.0,1
136058389,Cebolla crispy,1.0,1
136058389,Bacon bits,1.5,1
136037797,Arepa Rumbera Remix,7.7,1
136037797,Arepa Pelúa,8.5,1
135996530,Perla Negra,14.3,2
135996530,Salsa Tepuy (Servidas aparte),1.0,2
135996756,Cheesebacon,12.5,1
135996756,MayoBacon (Servidas aparte),1.5,2
135988864,La Dos,15.7,1
135988864,Beety Miranda,12.7,1
135988864,Ranch (Servidas aparte),1.0,1
135988864,Salsa Equis (Servidas aparte),1.0,1
135971496,LA UNO,14.6,3
135920184,Combo Duo (Para 2),26.8,1
135920184,Trío Criollo,12.2,1
135920184,Salsa Equis (Servidas aparte),1.0,1
135914394,RABIOSA,14.2,2
135894279,Cheesebacon,12.5,1
135894279,Custom Burger,9.5,1
135894279,Bacon,1.0,1
135894279,Tomate,0.5,1
135894279,Lechuga,0.5,1
135894279,Cebolla Caramelizada,1.0,1
135868115,La Muergana,14.5,1
135868115,Cebolla Pochada,1.0,1
135868115,Ei-ou,18.2,1
135868115,MayoBacon (Servidas aparte),1.5,1
135868115,Nachos Anaya,12.2,1
135855921,Arepa Rumbera Remix,7.7,2
135844697,El Zar,14.9,1
135844697,Arepa Sifrina,7.7,1
135844697,Inglesa,12.5,1
135839529,La Muergana,14.5,1
135839529,Ranch (Servidas aparte),1.0,1
135835850,Tequeños,9.9,1
135835850,Custom Burger,9.5,1
135835850,Boniato frito,1.5,2
135835850,RABIOSA,14.2,1
135833359,Tequemix,9.9,1
135833359,El Zar,14.9,1
135833359,LA UNO,14.6,1
135795887,Nachos Anaya,12.2,1
135795887,Beety Miranda,12.7,1
135772761,Combo Duo (Para 2),26.8,1
135753607,La Muergana,14.5,1
135753607,LA UNO,14.6,1
135753607,Nachos Anaya,12.2,1
135742312,Cheesebacon,12.5,1
135742312,PulledPork,2.5,1
135725298,RABIOSA,14.2,1
135725298,Perla Negra,14.3,1
135710776,Tequemix,9.9,1
135710776,El Zar,14.9,1
135709251,LA UNO,14.6,1
135709251,Huevo Frito,1.0,1
135709251,Mango Vice,14.5,1
135709251,Alitas Kentucky  (5Und),9.5,1
135709251,Chicken Tenders,7.7,1
135705204,Habanera,16.5,1
135705204,Madurada PUNTO en lugar de carne normal,1.5,1
135705204,Mixto de patatas y boniato,1.5,1
135705204,Extra Carne Madurada (dry-aged),3.5,1
135705204,Chicken Tenders,7.7,1
135698897,La Dos,15.7,1
135698897,Caprichosa,12.9,1
135686046,Combo Duo (Para 2),26.8,1
135686046,Tropi Chicken,0.4,1
135686046,Perla Negra,1.7,1
135628550,Cheesebacon,12.5,1
135628550,MayoBacon (Servidas aparte),1.5,1
135572965,Perla Negra,14.3,1
135572965,Patatas Fritas bacon,7.7,1
135520669,La Dos,15.7,1
135520669,El Zar,14.9,1
135520002,La Muergana,14.5,1
135459946,Cheesebacon,12.5,1
135459946,MayoBacon (Servidas aparte),1.5,1
135459946,Cocacola bote,1.9,1
135458484,Combo Duo (Para 2),26.8,1
135458484,La Uno,2.0,1
135458484,Perla Negra,1.7,1
135458204,Ei-ou,18.2,1
135458204,La Dos,15.7,1
135458204,Boniato frito,1.5,1
135446084,LA UNO,14.6,1
135407048,Cheesebacon,12.5,1
135407048,MayoBacon (Servidas aparte),1.5,1
135407048,Cocacola bote,1.9,1
135396109,La Muergana,14.5,2
135396109,Nachos Anaya,12.2,1
